# x,y,dist
81.632478,131.346827,40.395234
177.524216,148.137107,66.317538
134.730808,182.937289,26.461650
170.603256,193.379081,65.706987
110.585095,127.882188,33.880576
125.906929,185.702805,37.663311
139.700203,123.090804,43.332733
88.913865,139.890401,57.101439
139.293303,180.603465,4.587781
77.602361,136.572774,51.194532
127.701539,132.891452,22.109222
148.732835,120.800627,33.585562
138.233395,183.291696,39.938588
95.788886,151.442524,30.212069
132.067180,152.946537,36.291149
153.974278,176.462867,28.492844
183.551345,145.070454,61.944421
114.906592,135.454690,28.616855
173.025458,171.411564,48.444390
183.661709,172.408157,72.610457
141.470238,129.911392,33.014695
93.130545,145.360680,34.951735
73.454110,121.237254,79.097424
130.959806,129.346118,33.034396
96.720861,128.161946,41.365731
177.242159,151.102386,66.872622
116.834961,158.859797,13.777032
129.936872,165.435229,9.400888
157.057615,192.154539,61.087556
112.346947,186.183006,39.027892
120.856959,150.534903,14.935848
129.196366,142.050774,22.699366
126.496073,138.681077,40.923247
86.898530,123.346714,55.042540
164.425660,153.016192,48.441351
101.369058,168.161349,9.634030
91.582466,156.422359,12.181122
85.007418,127.726469,36.640370
142.776644,195.551642,32.550273
120.913931,133.824442,25.228117
157.603944,125.443773,57.922117
118.003769,161.176831,15.105048
175.532754,177.811828,67.592651
166.121615,180.022595,53.871880
122.845389,166.338999,25.188076
112.140400,122.382052,21.402002
123.129721,149.760364,13.918773
79.413059,179.952592,37.427618
132.240150,163.389491,17.096877
146.257375,120.397814,65.443762
136.820382,151.721080,21.554573
86.723005,149.798184,30.731145
114.998879,172.081768,18.325627
87.026554,176.950452,14.017629
109.020379,158.665778,10.365145
101.076438,141.876262,9.294314
146.526439,149.862187,40.261529
162.489447,160.167239,58.589179
160.346558,162.483941,59.997310
108.936627,141.961699,6.699667
71.605023,195.869669,70.070373
113.177314,161.095856,2.867046
128.754893,180.588456,34.285500
171.733438,156.461990,74.786041
175.495226,161.174216,68.820484
176.784141,180.230777,93.161222
73.794925,135.751530,26.715902
76.689995,128.030850,41.983897
133.382994,170.460272,49.415111
109.416024,121.688266,26.253086
150.305848,185.230549,31.732384
117.158005,165.832591,32.181387
73.745735,129.524270,48.462901
120.983313,160.826995,11.377330
124.442970,123.848321,54.347463
100.472650,142.739460,20.548592
163.460333,157.008844,49.196317
129.020692,137.653974,25.441647
86.082348,187.593563,40.492344
155.561882,195.338043,52.489308
144.692785,192.306900,45.487462
125.352090,183.870849,38.033273
176.381350,141.349474,81.351152
176.716329,168.380902,56.612584
159.468613,175.957769,41.124315
181.446587,143.648203,64.594241
135.992380,187.915041,35.766113
124.771546,156.924445,19.612006
139.466317,171.900690,44.946656
182.261984,148.982016,68.559899
149.750495,172.794343,28.048396
103.631953,178.040901,18.276648
153.225278,191.761468,48.436961
91.751659,174.000572,21.666193
180.031010,178.012627,54.082120
118.739261,120.734668,29.548627
136.484211,181.594541,40.450675
77.276604,148.730902,45.227007
135.490924,199.461425,62.380696
97.664942,198.516296,36.878202
144.959273,148.549947,31.720247
158.758848,179.815268,72.917567
96.719560,138.005629,23.526557
131.517072,184.789095,8.607268
75.722848,155.749885,42.821567
126.117497,147.847825,13.288369
166.543160,168.231190,63.695517
175.584036,184.207524,87.929866
156.804343,166.467604,67.758906
156.343722,133.545234,91.128573
104.452635,122.165769,49.004760
87.814849,145.100282,33.942390
130.269662,120.662979,37.819307
70.505766,139.568059,49.483025
177.911686,194.194202,59.824236
98.781319,139.516203,6.802796
142.553151,134.368757,53.400317
82.992187,198.962891,52.163156
75.915003,139.718768,36.340385
117.415369,140.982013,21.617549
114.073136,132.019889,44.842854
100.209248,170.554607,34.511189
168.629145,165.434265,47.254992
70.955954,180.100635,56.148692
137.265008,173.060614,40.046761
176.403750,190.124976,77.515643
85.750726,179.679236,35.349494
159.302379,130.683437,57.206388
128.910788,144.036992,21.125407
167.386601,121.886456,54.342805
75.606811,122.993046,42.662559
114.303717,175.881077,16.440098
70.515729,165.190024,45.530212
144.611007,147.399360,34.859488
123.282525,182.816515,37.377073
142.306128,198.677182,32.228531
108.046306,165.916307,9.281027
176.574097,123.352393,61.292868
79.167269,133.516966,64.048957
171.470902,170.970335,53.830489
171.405079,161.780277,59.261571
130.396523,187.850522,20.149360
179.818875,141.627644,60.191658
144.298656,186.529445,43.825563
89.745946,136.842870,33.373358
78.627873,170.765006,10.938661
148.445817,147.785927,38.697643
160.480435,173.034355,73.322613
176.398699,149.001122,75.880030
119.954395,152.404493,10.061055
147.824719,124.068726,40.891021
162.636669,140.492617,61.426376
139.090299,167.544884,35.595698
135.115797,154.489245,30.776086
134.370726,144.212947,54.653897
147.501824,127.183867,54.802755
93.821323,172.214963,33.106256
104.817204,197.616013,42.023513
131.278034,137.812466,22.061703
151.576203,184.266877,39.979111
167.129736,178.393683,63.936917
120.511103,131.598813,39.098687
98.905726,167.689116,23.865800
180.934925,196.684374,76.141278
80.590688,128.792588,34.992628
77.373982,143.033757,26.359635
101.051831,121.950629,31.494235
84.944335,156.349551,15.118408
172.078789,169.398455,48.188578
161.111684,177.960668,56.074729
158.453107,179.444761,45.605984
92.392732,128.112685,36.267915
178.982566,143.741870,82.663679
167.684404,167.508182,30.321538
152.767663,159.812469,31.430134
81.241075,134.475511,52.492704
150.264765,188.930969,62.297267
174.312242,144.656195,66.777561
157.030580,139.561968,40.357953
107.631194,123.895732,28.702348
131.555273,120.342717,39.554451
77.307578,197.192068,52.944575
162.474429,135.901572,67.344118
139.303611,182.028006,46.484718
160.975767,128.132241,81.930216
125.160856,158.371463,21.123576
148.526139,137.863839,31.853409
165.053826,147.583801,73.250147
129.131536,189.329537,53.916222
173.405519,153.104503,59.673752
99.307108,121.696634,37.901264
154.501768,181.825944,40.197707
79.119892,190.345924,59.710903
115.606085,123.798340,32.977608
111.932733,150.581719,9.400845
160.269668,193.473763,71.375599
71.079580,190.590303,40.730971
102.665601,127.514336,29.212313
76.457187,130.809476,55.354417
168.825181,136.479789,49.360400
84.770124,156.469003,33.370447
120.040506,122.052841,43.411452
102.863654,186.802546,32.937317
183.018673,124.120420,76.906445
95.094040,198.060303,48.095262
98.694838,190.287638,52.420935
147.365325,167.500584,31.480076
84.006787,190.169263,45.545607
159.074546,158.919818,50.226822
142.304014,195.533463,50.556846
129.328509,135.508515,30.768259
83.240925,180.628648,24.517525
167.535416,165.218722,72.272604
159.241768,167.522651,64.821125
150.729538,146.170654,54.783181
87.353584,189.119216,36.469694
112.149313,119.997794,20.057374
91.859743,170.477087,23.696313
136.615526,176.945057,30.295907
159.707939,158.049823,20.098581
129.137325,167.550997,17.088982
134.393842,146.037993,51.209869
169.896634,168.031843,43.599148
152.338221,148.160657,49.824007
174.396434,171.954272,72.573737
165.936865,131.612822,72.700877
88.523306,144.071475,19.893459
129.051427,166.825984,32.611965
180.003364,199.410321,72.297306
103.074735,132.567395,33.292560
178.628782,145.203341,87.227789
154.290318,174.201771,29.371683
107.152467,148.360037,17.111740
74.073649,167.375504,56.471994
145.829967,161.122559,45.066823
174.806156,182.105267,67.705749
88.099277,163.197106,35.718429
70.511855,174.281400,36.969930
102.304180,124.620586,26.075388
90.079736,127.271099,32.736593
94.495564,146.034037,18.694340
148.483673,123.151603,64.036174
118.507672,133.959181,42.834869
179.209295,146.754474,82.068890
168.422436,122.210945,75.033257
172.880450,148.503435,48.776158
84.642266,167.610421,12.824697
105.794594,172.566316,12.779270
83.334746,158.684388,18.567515
171.295122,126.897233,62.127749
75.968869,164.286490,45.205870
168.018815,192.182718,59.638079
75.444652,148.226180,39.096295
150.333732,130.027075,44.846569
134.679069,142.219132,26.803242
169.580832,179.906386,42.758548
134.479455,151.455397,24.455502
142.992565,136.605950,53.883874
96.392600,175.992471,7.979020
164.663296,162.073788,46.549918
153.482527,192.068370,40.083607
110.680217,199.088671,56.233396
180.646456,139.561587,63.566393
108.965729,197.773368,44.661486
156.458250,157.556094,43.084664
143.518515,162.425433,34.162845
175.311520,165.849421,84.109003
146.040240,182.045700,28.714034
125.753256,187.803200,19.192781
167.093806,198.880077,73.802357
106.346718,122.470540,21.928869
73.030278,142.298112,73.639576
164.553276,177.588366,76.493235
125.325294,139.391684,19.181855
80.310572,172.744586,34.278542
170.719955,167.234067,46.218928
130.350902,163.132945,13.996885
96.109952,141.582124,14.881280
155.803854,163.101634,40.661557
152.342075,178.239572,51.089991
122.176415,190.857438,25.848455
185.220869,181.971025,76.176957
82.081170,165.293873,25.006541
159.035563,199.128715,61.584843
115.928044,140.696445,15.784219
141.319739,121.995202,36.969833
155.615056,177.972142,54.581561
88.202446,151.920649,42.400648
143.591478,136.716424,38.796196
121.763616,124.486080,38.139936
120.659739,123.029057,40.545816
155.021209,150.808271,42.472334
173.861224,142.837468,82.362411
105.115646,129.307399,25.007128
114.658632,155.611152,6.737628
74.765409,150.090309,45.766832
150.042251,140.757567,48.988979
139.604001,129.537726,42.797982
133.014160,159.268662,27.802842
76.094182,198.091937,58.501817
111.662256,165.212522,19.966988
168.261357,175.409362,45.972849
138.356488,198.401320,68.654656
157.800202,139.924889,71.451622
118.770062,134.599125,55.793196
145.289150,195.945686,34.635454
154.899688,134.129437,49.444691
183.234492,179.284960,76.368151
103.447948,164.392880,5.439398
171.119035,176.936526,82.405429
142.302356,157.234166,32.085055
101.034179,125.138636,21.693923
161.859612,147.776706,71.496658
97.322187,166.241898,14.315639
172.626610,159.234000,84.507262
121.001752,175.501370,35.731161
141.951376,152.058076,32.457446
112.876447,162.735889,23.246135
123.791594,146.697563,42.253540
127.573904,191.039067,32.033119
140.248618,172.176953,60.968963
105.995191,142.202359,19.881999
185.016240,140.064161,66.343949
171.976814,153.041733,52.180518
165.401752,163.463924,43.221601
141.591957,165.402119,49.804331
166.898906,153.550272,65.665869
95.464095,136.591153,20.025851
115.913939,140.320504,39.673578
72.403357,122.853561,32.409392
116.960786,174.003276,28.539411
149.652641,195.821435,64.773974
115.271762,176.112217,21.124160
165.273037,176.353766,42.069200
94.088287,163.657473,4.004069
93.778788,192.299335,33.531682
151.002070,126.235795,59.758478
165.741808,147.131218,60.926930
171.292955,178.423815,67.178577
97.440631,121.653270,36.816546
73.944746,148.617907,41.666732
180.373181,136.737542,53.920734
115.202068,124.965813,38.206509
93.626416,162.600044,38.390501
70.893160,150.808431,34.282741
93.191737,196.341484,41.590321
91.581167,123.874043,25.651455
86.245740,122.175468,25.846121
130.741370,173.631230,36.437309
120.833277,162.130129,31.997010
142.891365,160.827785,32.229721
111.795514,187.625184,20.815088
94.718927,161.163563,33.003260
158.690649,154.010846,56.428600
178.859621,146.590107,80.291612
131.612365,159.375124,31.501204
158.438597,192.087633,40.836085
164.236565,196.480834,58.021446
89.120000,129.229749,28.290830
152.465755,138.684970,38.842065
117.068710,141.546680,21.732583
85.430378,134.703662,37.266740
70.750515,128.365393,47.179990
99.108100,187.787723,29.966469
170.410589,197.541634,63.513120
131.840233,133.502459,38.322097
166.652952,197.586449,84.264579
147.722478,148.507842,43.207860
104.041561,165.504853,10.509770
145.329677,185.525943,44.474608
73.193894,176.107311,51.135145
142.337001,181.409723,29.854461
121.593171,137.993534,41.732734
151.374363,149.606210,58.381881
103.375503,137.380847,19.527884
110.629263,191.421351,44.220352
98.780757,174.321559,27.099998
106.108692,154.507359,6.354064
108.054001,133.657369,39.950391
184.145892,188.096418,75.745926
76.110806,196.268784,59.192822
179.157749,190.755097,71.724858
97.182417,144.927470,22.883626
83.449697,196.123300,50.224232
174.767308,158.407051,74.795606
124.299798,188.825396,42.675923
168.094970,121.354120,70.687990
181.408573,144.984915,53.236222
118.105833,183.283096,32.738036
162.237698,185.861636,40.642680
182.390392,190.480348,73.411479
93.392232,178.521848,17.418850
104.907323,189.504341,50.308014
183.760901,133.719616,82.749210
70.085163,193.872832,56.057289
103.120505,123.524829,30.479467
121.594725,167.676176,42.234100
173.117544,147.856369,51.058869
141.415564,122.044294,59.097418
136.931062,158.290191,14.502552
99.100329,180.590132,29.907340
177.924030,166.311966,65.356951
93.185367,170.416132,16.211196
137.699171,156.420759,34.835586
117.351277,173.486604,15.541192
114.509981,182.220636,30.645779
174.410372,186.825271,60.235280
112.008998,169.007989,30.618371
156.862519,163.694787,62.151598
89.986070,154.609883,10.495198
185.390611,137.357843,65.854739
144.108310,127.714195,53.692372
106.754249,188.212955,43.367412
182.794443,173.572387,92.869332
103.278985,191.517240,36.320398
183.956117,158.769716,50.344080
179.277927,157.293808,62.851770
140.257597,124.294929,46.941416
96.923070,140.546592,19.720419
85.720862,158.470361,50.006724
90.574966,164.869455,23.405491
178.767946,165.528692,69.264718
175.222338,167.207980,74.001627
103.524347,146.503379,8.959701
107.507533,139.753703,24.047357
176.838556,186.389616,77.033018
179.563194,176.022434,62.387249
119.231406,197.057165,48.490894
109.457005,178.218838,27.110210
184.859206,178.347816,66.575195
142.500835,126.600039,65.283016
107.256198,129.638373,21.338582
133.083763,145.730936,21.335336
172.636845,128.840411,83.198350
115.581259,198.711007,44.576604
183.528515,172.037112,83.936244
183.898666,147.735204,92.201439
127.882663,171.760563,12.693250
75.433605,158.708476,23.091437
72.232520,125.041126,41.637102
138.177306,149.269023,32.380691
131.735883,127.205569,21.923652
116.555811,142.051883,13.826613
140.493460,154.144930,37.242436
92.350524,181.961135,16.247909
125.136521,178.163451,28.716802
85.660834,169.419103,35.015275
128.664642,131.318567,42.417267
112.355342,126.386208,36.405632
173.130411,150.997149,43.720529
106.265492,122.614747,20.555530
181.547626,136.348600,84.213889
161.863620,129.997507,27.594150
131.324540,158.670054,22.045755
97.260047,175.869648,27.785879
89.771798,132.177330,54.012756
71.269101,124.099878,61.620860
177.188035,137.570475,59.788513
116.245859,171.529110,11.703313
169.234411,142.610883,50.210653
102.944487,169.622285,37.707214
101.532425,145.744984,3.182797
98.658741,187.933079,23.014278
99.606393,198.032738,26.875635
92.358246,119.956357,51.357199
170.215313,162.047595,45.346487
89.927924,120.260970,37.131584
159.946345,173.508641,72.028844
111.555187,156.232148,13.907337
161.773711,174.629241,62.690384
154.157219,129.033930,45.430811
86.399972,189.254718,30.793070
180.324926,186.849056,61.389146
107.229608,131.075561,44.513418
180.392979,141.168605,63.637602
85.717423,124.780780,49.206251
132.442237,146.853547,13.102768
171.195225,136.248253,77.561317
71.649793,154.762058,42.155047
149.587612,157.592338,16.410627
82.555944,183.422259,38.517399
126.881278,193.162299,24.398626
77.184533,161.194625,20.303370
74.730695,120.203956,60.732428
165.040310,128.944900,57.114466
183.700524,140.252197,55.655927
105.235384,195.402519,35.628334
94.345107,142.908632,22.057197
77.695081,126.571527,32.072613
112.607997,184.921487,5.974476
93.495578,141.501708,39.443222
133.304109,151.096617,46.561729
125.841881,164.413211,10.735148
146.594508,156.886226,40.161839
101.531510,174.480060,23.610370
165.773291,143.193498,48.610458
175.208914,173.182096,64.530654
130.693340,193.813194,21.947833
122.723085,191.493143,44.587343
78.643065,155.436814,55.953824
124.761487,152.727233,27.220945
97.868526,122.355267,55.017495
87.714021,190.962220,23.088866
121.479171,154.040109,1.102027
74.236459,197.468444,38.211220
74.759076,155.184657,37.312344
85.800854,176.710755,55.100534
70.317179,181.887937,39.461464
130.770910,177.750024,11.624508
129.210908,189.508779,40.109491
126.118213,169.905147,19.867327
180.068537,139.789732,67.574725
177.103918,142.654444,69.558684
103.906512,128.134771,21.988866
109.230190,192.089672,34.787172
88.030879,139.362966,36.574283
99.117298,166.326930,16.686758
152.004439,170.844649,49.457609
177.599394,122.333721,75.646374
87.358039,192.363283,31.491220
129.643594,136.530237,44.707725
104.270505,148.048236,17.344948
158.152975,126.129053,39.781550
84.845563,192.964915,43.276663
182.940961,197.703719,116.461118
135.462262,175.763972,42.958825
83.951783,165.257929,26.357984
111.195666,166.664099,6.940473
115.897359,154.432797,34.928721
174.017146,124.408567,71.198177
153.517348,178.569853,54.201871
146.394937,135.511462,75.760840
106.882888,165.968821,25.550797
164.057656,123.554670,68.699218
87.446709,158.667420,21.568271
101.486836,179.687494,11.151650
123.383354,165.632138,7.857825
182.462116,171.526622,79.928256
90.179418,199.491907,23.547627
82.820088,161.435476,12.125625
151.402969,173.334721,35.203126
77.422059,129.636367,43.194408
136.632296,155.921711,18.085920
140.013406,142.243925,27.672718
97.668948,172.247604,21.813879
126.831311,132.493633,15.374896
89.038553,177.618503,22.827552
144.974920,131.043630,66.919466
76.863059,165.009440,17.607703
182.583772,186.593201,56.596506
184.270250,154.854980,76.526594
173.345539,169.412770,73.347839
160.073488,188.333589,58.081817
176.606156,176.275885,65.970634
137.521492,144.752146,23.395681
150.664389,182.050907,60.436951
154.777759,141.220886,50.550044
159.079030,165.609392,45.287137
80.275635,128.164040,47.767704
154.770513,127.289373,65.734720
177.890755,123.849308,78.743954
101.908155,185.581975,15.690133
123.176819,139.830587,17.452728
151.142494,122.739484,49.812261
108.392174,141.888658,18.014392
121.682096,123.221536,47.881178
163.729843,123.037432,53.030036
102.884885,171.592501,31.886461
70.909702,141.985657,56.477053
162.523095,125.118477,44.698873
96.618830,196.506261,39.934735
98.095003,120.402562,30.920730
80.591670,158.887442,12.056586
96.368243,148.866754,15.334964
177.099779,122.888016,61.725780
148.062688,185.973568,59.551295
151.820785,144.942583,66.204558
150.803992,163.170772,40.095534
70.812273,197.024931,44.170775
181.730580,162.376689,76.039886
142.730888,180.254821,42.442810
75.298817,190.198994,24.856165
94.371794,141.038975,19.171546
156.625014,199.211500,74.453515
113.189349,148.955780,25.715662
108.948363,130.272066,21.310369
139.627353,159.226128,27.175060
114.471844,142.927980,33.676026
183.886455,124.338672,88.091715
97.139633,148.691170,26.744616
115.732622,190.671963,31.915999
120.744895,198.849586,36.320557
82.648499,132.171360,41.742304
156.941241,184.373353,45.878810
112.751271,174.790858,7.425276
121.953364,177.045203,20.637428
155.190915,166.406013,31.219310
109.790497,183.912272,20.218089
132.141913,163.800883,24.781526
144.901479,160.530496,22.297986
177.285903,123.545978,54.794993
102.155095,185.025341,35.192423
93.388555,166.591437,15.317183
134.263845,159.834304,20.753389
90.501533,148.017878,12.740480
98.470319,195.311705,47.864533
154.359555,170.314121,24.290374
184.410413,197.796843,62.663033
151.825445,127.824778,62.275892
175.426102,141.926244,62.265706
128.025108,182.614240,33.178005
78.870160,134.852626,37.957965
74.885534,146.652163,26.341117
83.738180,152.494998,13.733055
115.124479,152.982034,3.733072
90.831576,170.115252,18.424951
122.231813,134.162769,25.365180
116.133302,176.691027,41.353537
165.568159,129.787200,56.572515
184.804321,198.074467,73.071659
179.358449,128.894201,68.673527
162.432470,184.008336,99.685189
143.980865,168.821277,30.804341
79.466378,175.089469,18.093179
179.363465,124.512317,62.493625
85.726312,125.893134,40.525349
133.998109,195.659320,63.884498
78.802159,192.135066,42.290546
166.313191,178.842421,62.027221
140.514985,159.354640,20.648542
137.002873,138.711802,48.079076
145.134579,165.731350,27.255903
109.669576,138.033262,30.825469
122.087645,124.725021,36.768516
164.789122,184.426413,47.282520
132.804082,138.609739,21.787521
70.618354,178.234193,27.568819
82.154573,127.789167,52.221707
94.168409,120.452620,24.693785
71.612232,128.989943,71.387186
95.394595,155.171746,9.574290
97.566037,189.632305,44.997486
148.685115,120.219200,44.815688
145.769745,163.866152,38.064784
149.584958,187.095760,41.318597
121.598687,169.710969,37.548780
82.409433,143.328096,23.904776
168.843424,198.903075,78.862718
143.408166,120.474803,60.220608
133.232644,122.875218,56.836403
98.173051,164.996279,20.450153
96.737963,123.363954,44.300653
164.687370,170.206998,48.541106
106.552768,175.715505,14.231694
164.633451,177.363462,31.067582
130.429726,129.917284,45.029114
119.839483,178.890672,17.100881
163.271318,149.018076,45.055922
176.383301,139.562433,75.332273
89.095718,165.339853,9.211942
77.574348,142.543478,36.821376
182.074435,195.095907,64.832427
87.674954,145.496381,34.667507
139.284728,127.874493,48.598060
135.297724,146.592245,33.439996
90.477929,187.685940,34.861290
166.658036,124.036966,79.751701
114.254846,193.114433,31.431662
163.028024,156.617335,51.667726
170.083747,137.661476,61.892496
129.951555,144.144062,23.784168
165.698964,188.303307,99.009695
90.034537,128.626216,45.862413
137.952592,189.612044,51.714990
125.023912,199.447338,42.406646
176.915522,192.957460,83.575841
77.284837,136.728449,67.144267
149.315497,155.987985,37.875819
144.021401,146.944537,29.032724
159.166392,168.193902,48.753053
157.663498,133.091697,30.333226
97.834164,172.724325,31.106532
90.112890,148.552753,13.912130
89.067647,129.468937,30.760019
82.362566,141.022038,28.392430
133.475819,129.805731,58.377273
130.745896,128.871406,36.913272
132.375895,160.281662,24.213503
129.836174,190.434414,33.136220
89.257694,184.057226,21.662619
104.961631,141.465822,15.109887
182.235882,127.142376,92.600410
142.293109,133.420145,53.364893
127.393390,181.691035,30.076317
176.289772,157.917465,57.557994
76.602149,170.545906,67.915735
76.464767,176.769567,47.728925
89.750616,167.897061,39.952111
107.207436,184.161500,31.933561
79.121556,164.338700,29.265575
119.033880,127.482867,31.640258
78.796890,189.682973,61.490227
99.814337,179.183781,26.738504
126.674807,184.888966,30.540610
98.724122,168.549753,8.361830
79.482805,157.280501,45.300797
90.893269,170.666812,14.741581
77.529079,139.381770,34.202148
85.522249,133.712730,51.940561
170.940244,150.369554,91.362644
91.652054,190.130896,40.969772
130.346716,126.922873,43.989343
87.029127,164.160409,28.917341
175.011093,168.703495,75.832284
176.768517,198.377537,83.383893
144.628318,129.710940,56.421994
151.173422,122.131859,63.428494
163.451866,167.370028,63.205316
148.265047,137.415458,40.898065
103.421861,172.473449,27.808709
163.590742,134.417060,57.005512
87.065853,158.466717,18.568440
77.770518,164.106949,44.524156
133.983341,190.821343,45.397391
158.856249,130.857609,49.321678
127.924607,164.753996,35.607164
123.641156,189.446054,44.681219
69.382327,142.561962,61.701441
184.415354,140.838173,75.114321
163.609200,167.895487,46.666285
181.096754,165.522751,84.765799
74.504133,123.620835,61.998606
134.376778,126.635727,40.831226
104.638639,137.666832,6.058337
85.197305,169.141980,48.015776
78.980028,156.084032,39.007508
152.712212,164.915320,21.722646
166.062225,165.378370,46.136094
101.781432,175.226571,19.291414
116.715032,146.061411,30.447322
92.822788,180.949321,42.054278
92.976690,135.236396,28.515946
148.858202,161.264713,38.231322
126.658753,190.257606,48.824797
163.084514,136.566072,64.236701
120.833860,140.791203,24.302906
177.989666,172.260937,66.240690
86.265259,175.160196,39.367999
108.405708,157.700994,7.651523
74.935861,155.535879,31.912168
140.064052,128.353976,41.952441
115.661021,162.712083,23.308094
150.687220,180.521035,51.728804
94.455289,128.552197,31.993719
78.062672,177.952498,37.597780
73.125714,131.997094,28.669620
85.314604,164.187664,35.058161
81.391835,127.978564,42.448944
81.941003,123.030092,50.258240
175.289685,163.762811,69.531398
113.348045,163.992977,9.420764
119.881549,188.343777,26.050613
141.160511,123.746012,63.781366
160.996088,143.869760,91.835914
108.613037,148.632013,6.160103
121.538557,150.620565,12.354173
72.460835,156.354130,36.694814
96.948764,161.438089,18.581124
177.478885,151.827689,60.616734
107.996584,159.397489,24.622090
110.921788,137.168632,36.559623
162.386379,120.292395,68.840849
106.877795,186.050031,25.762344
161.222793,153.857708,71.708095
115.464038,192.948177,31.944657
182.441772,159.776328,60.977807
79.150639,163.572096,26.587614
121.040314,120.841204,52.393108
172.443268,160.799251,77.929390
76.726117,188.378377,61.331799
139.782863,179.799334,46.059983
118.301085,146.012045,22.653295
114.331558,124.249677,49.871675
159.992523,147.936838,57.612128
181.374464,174.349549,88.962042
184.573616,138.742112,66.834865
173.132174,174.986879,86.150830
89.904383,141.121304,28.459117
118.628609,129.523753,20.579961
140.869979,131.189194,42.674660
83.152398,157.437976,44.752787
84.192285,174.600294,22.377735
128.567661,163.491655,30.187857
81.374338,177.740392,18.623061
78.156446,144.656663,28.712489
119.466110,122.566677,38.547313
105.064396,143.068107,19.057736
157.613157,127.956457,48.157078
97.306033,155.892490,36.431551
181.594283,176.801943,54.619759
87.907207,147.298474,25.819769
130.632944,151.252021,32.255218
132.637821,143.111734,37.978217
125.547183,125.048867,42.064076
177.509101,147.680904,89.268134
157.640691,155.378118,40.101044
83.343448,142.536468,28.674373
87.740795,146.790596,32.586284
144.126142,181.792794,52.168230
184.895963,189.227246,90.264626
86.322968,169.786575,19.656033
84.885440,176.809587,39.333716
155.074861,167.123540,70.327276
166.367736,191.161039,53.078352
76.679889,184.687584,29.056199
145.139469,156.234689,49.820520
174.906879,180.748207,78.325210
151.355875,127.732462,40.741226
113.261415,157.832816,13.421978
97.598868,152.107806,29.758773
133.854157,157.794105,43.059434
95.529139,166.113723,8.097368
151.598260,185.152059,49.094055
99.620052,178.919344,3.720823
79.722080,149.052028,27.805919
182.593469,124.528855,73.362541
161.477598,198.443397,72.158428
108.613878,169.738111,21.165006
115.397871,125.975611,42.522376
84.438133,122.747164,53.618416
74.202470,154.243064,39.308582
150.949108,150.549975,39.783997
104.074199,199.329651,28.266308
154.259528,172.749759,47.351085
87.830764,138.942230,44.975234
90.412539,157.028156,19.807680
72.656331,128.659167,39.869720
171.597022,123.695323,50.244445
113.937073,153.513305,12.874946
77.049069,178.765032,32.621823
97.917198,124.530612,53.203159
82.143093,191.615970,44.655895
159.096428,150.518204,29.395145
123.257658,139.282572,35.537968
181.007042,166.608256,74.159398
141.400263,155.945471,22.142619
114.538321,174.054600,9.896328
96.544080,156.007244,5.641587
126.617602,143.435629,28.793031
143.155199,143.172203,30.877088
117.811857,161.025019,14.545346
123.963383,140.423540,11.081040
70.306540,173.514951,38.789331
81.289158,158.247309,37.737375
88.070943,149.755007,25.212892
97.782406,137.922241,37.530595
178.330265,124.172709,77.722780
88.478841,121.031969,50.485429
122.697033,160.341768,16.807192
130.677533,189.898099,27.937850
71.880463,125.484905,35.741265
149.037471,129.324370,52.520707
182.221838,182.202194,80.978545
80.811416,133.188514,15.054939
84.854008,182.584666,36.656417
178.095733,186.290958,74.494495
128.826446,135.611083,56.058979
135.312587,151.315041,19.215673
160.194961,176.769535,41.798520
129.474570,180.944209,32.561405
128.356234,129.398565,30.662993
121.010178,128.562754,39.140183
177.073137,122.698460,57.878278
170.129980,165.044530,45.848783
99.569287,147.399073,5.986287
98.634832,134.131980,19.681456
182.544064,153.489714,63.705093
142.587159,134.488992,59.316257
140.726609,156.381745,45.740612
112.732917,189.811516,30.349517
76.369268,156.069476,38.742665
86.155219,153.017129,11.635387
153.526965,163.178671,48.256190
142.555281,167.761864,37.457581
170.486808,134.398594,87.359283
152.369800,146.053707,47.438993
142.890984,143.436255,28.690667
99.503247,166.305225,16.515765
144.232822,177.595547,37.222256
97.276778,140.949496,34.724985
181.190640,170.250242,87.123209
127.423716,152.801724,20.989797
81.727858,152.374305,34.312252
155.962600,191.974726,46.541350
89.518032,157.243634,31.984956
125.915106,198.657269,49.897854
90.863081,172.349784,14.029610
141.198893,193.141135,50.752991
128.015814,145.818216,30.710115
136.369110,145.406662,15.641448
132.947608,158.543199,32.245981
93.863740,183.660214,11.273109
72.797891,175.775128,36.116781
163.122541,174.536042,56.661123
172.788464,125.602084,77.629212
166.803020,144.779620,39.139909
146.328207,127.834567,52.267033
125.897394,154.477690,8.507956
130.510532,124.194572,43.004940
79.514586,162.894680,22.626185
130.632618,155.461669,21.009453
163.331382,143.910543,62.702547
148.339202,193.676887,52.045189
158.485224,128.744350,59.378974
167.022627,157.944648,65.077127
150.905154,187.755615,54.741041
113.384340,153.196888,0.909027
132.340247,169.429623,33.611373
109.826102,191.669592,41.195047
97.663010,199.078912,24.958479
86.963605,130.792503,35.384640
95.472660,140.987939,14.351922
164.398055,167.976451,28.294804
178.243444,122.052430,57.857785
154.232618,182.107471,75.824217
177.034235,146.734614,58.483536
176.669975,131.263734,58.875701
113.069437,154.446518,13.717010
116.384070,183.061455,20.794689
142.600361,181.171551,43.247927
79.299403,136.789020,29.907107
185.140250,165.686183,81.293904
74.233667,143.916412,52.627794
110.675982,127.784348,35.131097
153.367321,176.351530,62.945378
73.495415,180.246702,46.583130
149.788227,166.206809,30.206199
89.457154,177.132485,38.344263
163.284275,120.160406,75.840926
128.616144,125.503567,55.708164
93.205897,121.935708,40.271901
145.335634,134.744958,40.102063
127.274549,129.872924,26.741187
103.835065,150.768691,36.150787
173.868313,135.663589,77.624782
79.626456,191.247836,56.715165
137.525749,164.231085,26.731056
92.064497,189.425179,30.577993
121.096511,170.235104,11.532926
126.357779,198.922888,32.537161
150.174095,198.196086,78.863428
179.706306,198.881827,82.232480
118.157784,130.511467,50.313729
91.717147,155.787560,15.505092
147.163596,198.208541,64.226189
80.621276,197.809254,72.534349
140.450790,171.075167,15.235556
103.525457,125.219460,40.812832
127.876964,170.483416,17.302103
153.266306,170.676660,53.707181
114.351812,165.490880,10.932962
178.378590,122.658292,66.485632
70.274972,142.841797,57.121002
147.727915,120.446448,54.557835
164.691179,131.853475,68.014959
96.076835,183.432776,19.095617
94.256133,196.567998,61.194141
85.884196,120.772377,69.382166
130.856525,149.591212,12.835064
162.282970,155.670477,34.411595
101.742373,124.394359,36.792538
143.981063,133.106050,31.903514
121.257143,150.893490,19.730873
143.376456,184.192042,34.402518
174.893857,135.386780,73.298828
146.559030,199.093459,52.755657
118.278742,183.180680,40.219867
77.924081,120.693422,47.119473
77.586961,149.989399,49.361673
106.359193,134.669510,19.480247
74.547675,167.942180,37.803477
177.341233,173.478949,51.346704
71.104669,145.622024,28.865358
80.912049,162.897584,33.218248
146.227031,120.700379,71.671758
160.796793,169.930436,33.579455
118.152825,179.523684,14.726571
142.758982,139.962825,41.004020
75.722306,129.191717,42.457803
112.731285,196.125586,51.891159
170.672598,196.576482,75.600324
114.560094,166.478859,17.273242
100.259470,148.220422,25.759021
175.078575,130.695075,62.789047
106.693550,160.291943,8.752822
103.712888,120.575851,39.835934
126.478204,150.402352,29.924960
130.296394,153.831494,26.750053
151.660339,126.001598,59.692407
70.574840,162.120731,39.763225
166.973741,193.081430,70.783247
84.193525,133.341568,33.563319
123.447889,131.879958,19.863361
108.121649,168.816486,2.067626
96.297684,147.495815,38.456065
132.716783,127.608985,30.528319
118.433843,198.959571,16.687872
80.369769,131.769967,36.670535
81.326001,193.396827,62.082575
148.350478,128.916247,42.016423
127.732427,146.217234,40.542576
153.908527,143.473486,64.532280
185.457294,188.588056,84.344303
123.676229,121.887531,43.577453
121.101775,123.050668,51.020250
109.753993,179.389753,28.553256
150.502327,125.456289,65.557069
137.301167,132.246404,35.894496
179.986245,172.630715,83.052385
100.090131,191.480506,27.413984
172.006778,144.064832,48.567074
167.244367,166.242914,60.051596
183.205923,123.389926,52.300044
156.748254,194.039792,81.625916
76.158487,178.974832,48.342307
117.348026,137.039380,43.916844
104.334564,176.195303,48.298310
181.939912,141.238832,98.613107
182.090854,185.439748,90.811504
155.704337,193.870863,65.193229
77.148160,174.676077,31.970434
104.209868,165.236091,7.306802
79.763387,193.621077,67.405105
113.252192,178.358078,19.965325
85.525334,148.830534,40.044418
150.802677,166.066279,24.318178
120.838093,174.482310,21.031138
94.043121,194.601063,32.899399
117.459669,160.479380,23.032847
156.334300,121.082664,71.285578
76.245586,183.229285,56.832130
136.126267,163.535492,12.391173
150.053810,157.670925,42.617916
111.259536,131.919880,19.389420
172.420561,170.010010,65.650580
146.557771,187.158327,43.910797
105.199004,179.412291,27.041461
81.829960,191.493379,45.198187
132.509063,167.752047,33.294714
117.644490,129.496503,48.334336
90.751294,125.852482,26.741965
143.834342,131.199521,47.524673
114.485457,148.228686,20.362874
77.978164,160.962503,33.099881
133.468481,142.913974,28.587697
110.689602,158.919665,2.993357
120.995912,193.542608,28.045126
73.587875,167.495563,35.522483
69.429365,146.537756,30.693159
92.234207,144.240295,11.181700
179.206628,124.114915,78.118863
79.998436,129.712790,26.884706
180.066509,140.298669,76.078612
126.125921,122.258214,35.392240
128.558038,153.236485,31.060458
120.888377,131.561852,40.467364
91.970006,155.378964,16.539882
151.645704,142.498739,44.069884
120.179714,196.428097,54.285967
117.146751,137.184859,27.972022
128.515651,124.797629,47.526133
124.675283,182.679662,24.630996
153.888047,197.841303,43.498284
155.681708,159.417807,40.216767
99.846048,189.745534,50.418263
151.432963,140.836315,35.574693
158.773182,145.614893,43.901992
162.363879,174.884490,51.920349
127.816125,165.638563,31.046811
73.052585,121.596872,67.548045
95.890330,176.195991,32.117450
144.672281,139.054562,29.419471
121.241570,142.383102,37.881168
70.383816,184.219183,51.618099
167.720961,151.913256,47.561691
160.974989,198.268341,49.562378
114.576606,120.004754,49.007149
158.750674,178.874276,59.375586
137.895512,174.334337,36.040292
94.601472,148.456071,35.859305
163.268121,167.133735,50.260152
89.714413,177.420530,27.219520
154.641479,186.030756,39.460809
134.000392,165.438067,19.635939
164.341577,173.656211,44.389494
84.372250,184.072348,31.279984
166.065407,142.330979,55.337041
116.506346,168.887567,18.182004
177.187514,168.033154,69.798120
164.709239,199.230117,69.853995
170.444698,179.680469,79.771114
83.397613,124.730630,39.676591
108.429252,140.288174,7.025282
165.160370,163.276609,56.567477
138.927570,196.052970,50.184331
145.269105,178.220057,42.088944
137.724630,181.808992,39.463295
75.610524,135.290466,57.797981
154.258166,150.642891,55.151073
107.869538,141.348682,30.857393
129.660154,166.920573,22.477840
164.187890,161.478853,57.639067
116.807781,199.301372,62.482526
76.679571,177.320134,41.704398
146.894067,160.082134,34.892219
168.583739,169.644085,51.202123
117.643333,158.280068,6.930235
128.790909,129.469224,51.451990
100.374135,189.592628,52.089973
182.389572,158.488268,62.207172
105.753554,197.620675,64.822149
140.529376,184.236041,53.442097
91.086085,143.003914,38.923672
146.897605,158.846602,61.652872
130.591008,142.904986,21.288401
74.320164,149.147257,39.794029
95.109368,199.302755,31.700862
131.631592,181.448217,19.759130
99.728722,121.734300,51.007169
145.439728,122.408602,45.654686
84.661186,187.894853,30.843919
107.601536,192.969910,15.255207
100.113857,138.932120,26.976807
101.166119,127.435572,29.893108
184.123949,129.097429,74.641105
96.374707,138.117642,38.549348
141.475874,131.852637,47.592722
128.284145,148.562444,19.657377
88.368395,144.192993,45.738061
80.308787,122.171366,36.496900
134.495706,174.848825,34.665337
132.687665,184.609791,35.581929
106.488972,187.899712,28.226030
71.316332,172.840256,22.402271
174.884578,127.354607,75.546660
109.042583,125.824684,43.745451
167.098549,177.322181,78.395067
131.582897,125.654938,53.632618
124.695751,145.440865,20.732142
136.942597,123.380267,48.915167
178.025843,135.723385,73.783043
140.331134,198.819520,43.085041
150.355991,123.670407,59.220431
106.795078,163.951854,21.889791
140.607434,170.061851,28.939287
76.610320,164.535881,10.115782
180.631329,138.422661,82.304904
171.895494,140.925955,64.395394
103.533498,192.404607,19.885309
119.288910,174.075066,6.081933
82.286155,182.012008,27.332819
97.099891,121.396547,51.477851
181.294378,192.240521,75.907615
160.551305,196.061429,72.731677
138.317055,190.623192,44.315312
104.854014,125.190710,36.900017
116.455152,129.754402,6.495210
117.786620,147.119649,25.805967
158.023377,173.407576,67.259661
147.571256,176.437245,41.223249
84.749724,177.594640,40.366044
161.429801,132.751446,52.557616
128.831666,176.402634,25.553852
80.578544,167.889091,45.697407
91.987241,161.174356,31.880368
98.012799,157.374108,30.501778
160.804367,131.840881,47.835093
75.965386,172.987312,36.593294
91.710656,153.822256,17.275744
72.592599,177.793366,43.477003
130.006766,128.364850,35.656860
133.528280,142.122590,60.221855
81.322973,149.234821,36.230707
149.000581,190.745274,53.166556
180.418937,169.182751,96.473687
122.970625,147.701325,14.565446
166.852973,197.458431,68.032460
109.612759,134.457966,34.863008
88.563984,143.427304,44.547713
153.453321,139.115635,54.126547
123.664715,136.480226,39.882110
148.511097,130.504189,39.693901
94.689727,177.308744,15.347881
147.367820,123.280472,39.085462
100.897222,189.405955,26.496347
174.106734,190.417336,72.388755
71.605969,136.486212,50.691515
138.863263,156.941278,12.463256
77.486319,122.159832,57.450419
100.420913,126.694389,30.323653
122.042188,146.743278,38.367018
147.571325,183.977652,39.798637
181.991796,163.548764,55.427849
106.013163,199.424942,47.649499
116.035420,197.680664,34.654857
178.269923,150.140230,75.068964
130.115484,143.346952,29.872624
105.906798,186.083478,26.100743
87.734204,160.412164,27.732800
110.823807,136.484115,21.698387
130.452850,163.374785,12.711845
112.564804,174.645296,19.154098
171.548186,153.840006,61.921616
76.650628,181.368490,32.781660
137.413077,133.957233,31.926117
134.804334,127.033571,44.392194
109.256268,120.616105,68.202166
140.508386,181.092844,39.053363
77.933483,136.264071,27.374455
120.076708,175.437010,32.747973
162.186651,128.066760,56.127412
152.476381,183.349964,46.097510
82.064760,180.855439,34.691611
92.863565,151.178181,13.337281
163.910838,170.657734,74.511003
158.395483,138.602505,59.175122
75.155401,149.234101,32.496391
153.445415,121.594501,60.356124
139.280720,130.993573,46.585083
134.367653,160.899056,28.976860
136.209310,174.737504,48.284789
78.281553,156.890155,5.084205
107.666582,173.678984,26.598483
177.328616,123.050960,82.860739
95.667344,161.628994,19.363497
127.213667,194.926772,54.743574
103.022599,157.938477,16.167019
143.135186,134.608298,9.220446
177.303369,175.191528,64.085868
127.217585,150.055763,22.714115
85.947999,193.114269,46.837332
160.044560,158.676084,51.624925
147.434381,132.896613,41.904156
161.900755,141.675933,56.383186
120.488194,153.095635,29.773429
142.958829,138.902938,49.579909
156.496095,183.116467,44.090406
92.088083,181.862259,37.809696
80.160921,124.659929,39.893029
142.796249,169.182097,31.662233
103.632558,169.829336,4.983945
108.321865,193.848439,76.941483
130.508927,181.008373,40.202565
79.520468,161.457905,15.513666
148.679896,130.094053,69.092765
89.192203,131.218429,21.936862
90.331155,168.372416,14.261003
159.728377,176.253974,53.849879
102.101651,182.591154,46.975560
133.106909,122.728190,48.192105
148.790544,180.316350,75.610903
164.309971,165.342576,40.979739
175.196057,164.261999,61.003457
172.769282,194.634452,64.175883
128.711730,183.080124,33.006358
114.260907,195.923590,46.188417
105.304726,197.551168,31.279777
147.638909,124.465883,52.532600
112.191224,187.288951,21.585312
153.508546,122.853951,64.047174
97.454759,122.993198,52.728247
180.759823,167.220884,56.903104
157.851028,153.972397,55.313052
125.886997,196.787584,42.289581
145.142877,195.037425,50.595164
114.657714,139.954596,28.997336
81.199934,187.753601,17.765418
132.933619,123.509424,45.373912
159.359026,151.701381,59.140443
142.581201,120.432824,70.953030
90.429403,180.837097,33.178223
139.982284,175.708338,14.274598
71.171403,164.728777,40.334732
84.141803,160.713613,34.540031
148.269157,130.643473,43.583997
141.752881,129.756270,34.106074
178.572790,123.165914,77.965075
146.052857,173.356023,66.050205
151.959581,178.340550,22.425957
105.627422,177.686409,30.648728
91.343832,153.043672,32.181338
150.035850,193.694476,39.656106
128.247462,137.196952,9.030185
97.357037,144.036547,3.600654
105.240892,161.971936,13.510471
102.805250,175.586637,16.498555
142.488550,198.665074,48.505047
100.386427,144.098308,39.951725
120.308138,129.168752,32.351279
176.740156,152.805908,62.427832
78.324160,186.770302,51.903219
145.531605,136.920035,49.795023
156.605380,128.438432,88.886783
131.704621,128.767128,49.719041
125.402273,173.611604,27.903859
178.362835,163.152455,71.566079
125.124131,197.162090,46.751945
104.304850,180.924471,49.138824
134.962101,131.704844,28.362056
100.120447,162.352581,20.992302
78.449019,153.909724,42.128675
154.405653,198.632063,63.217972
96.707091,148.005980,26.826588
127.054668,146.647941,28.529887
153.850114,137.964254,50.596283
104.334479,134.635451,18.318076
161.924194,186.098417,48.004718
73.351125,159.934270,40.411059
146.115329,122.815803,42.535892
70.363261,141.402391,30.279501
91.730964,122.646420,33.038419
180.135726,184.556683,68.803695
172.019364,153.916589,56.680304
129.510134,151.372764,23.983088
97.168861,140.610687,40.440046
114.669329,182.998800,35.074323
162.095196,126.844824,46.277304
167.351440,136.982209,61.192408
172.843233,131.833698,67.788449
89.477433,138.534970,25.227794
169.127578,134.870928,48.939655
84.156714,196.540576,15.252541
178.921489,181.627975,74.003916
113.632769,160.927082,35.771336
146.262473,176.811666,56.740857
73.326110,135.652425,52.814420
91.284859,194.830592,37.019869
132.816717,179.869986,16.321948
155.587326,164.909381,50.860571
167.162852,129.400088,81.421870
85.971791,139.351435,28.087605
150.440492,148.926671,35.897941
74.007963,164.212841,50.053000
93.011874,125.150782,40.853387
145.816995,129.625400,32.393335
72.933058,176.671959,41.618940
79.832045,153.886626,9.094162
98.998413,197.997445,56.310409
115.434002,173.453094,14.559897
103.005302,167.539517,10.540200
177.839138,166.071375,86.459506
144.565210,145.343777,44.630381
120.619216,165.062891,22.798624
183.864243,164.453167,84.588227
121.746342,146.476594,25.866731
175.539507,182.423178,83.461580
109.900473,169.606749,15.487697
72.013889,193.672426,71.337041
151.560721,188.565920,55.001014
77.312671,187.186182,42.272172
175.169259,154.220401,70.626598
180.792076,164.910036,78.153890
159.974280,193.996454,76.336655
94.068293,191.885476,40.709107
121.703189,123.651257,31.911750
96.663166,130.611865,26.692607
97.984100,138.993016,42.499004
76.859867,175.189724,48.515239
98.703371,123.374682,22.784409
144.437192,151.055990,10.364367
152.326392,187.325603,44.782283
160.080705,147.140493,50.958441
76.852872,145.911478,45.983739
70.744263,176.444692,48.088872
134.384044,199.168417,52.032318
168.861735,154.263992,46.023678
184.595033,181.597744,59.418339
184.275977,136.106570,78.222948
132.167160,187.708549,18.182014
126.440213,158.668165,23.866113
88.043340,193.788666,38.552853
147.664360,154.852867,51.610716
169.366956,161.635545,47.497849
178.126764,121.687475,77.296497
136.201982,190.846882,52.902023
81.945183,182.149991,21.799393
144.031299,128.684584,61.527727
104.157799,190.716357,36.131679
69.427308,139.932168,50.790253
147.775383,132.780958,54.566131
99.135077,151.737670,17.334758
158.105388,136.327930,73.598584
142.564344,163.915722,25.229942
173.858945,126.336641,67.724180
133.554198,182.903244,26.646063
158.914763,182.770599,32.557643
171.970083,187.727637,68.560672
147.826786,171.122335,19.989379
72.232048,195.845340,67.594989
130.908830,140.816147,13.223046
100.380910,185.924317,36.324643
172.710780,145.997596,76.657499
174.184175,187.966390,87.980388
128.040314,173.816446,28.723992
161.376971,157.864331,46.876311
70.632180,179.789315,65.288128
126.796479,143.481577,28.759811
154.643719,161.971697,37.138941
143.582279,187.659688,35.443506
88.036007,152.068363,25.166524
182.288132,186.800757,82.704698
133.770395,167.681520,34.467591
138.394726,146.201766,61.018988
150.772517,122.521720,47.058405
73.605429,198.848029,60.061169
167.054017,152.308788,39.393772
139.229672,171.590092,42.134103
178.524745,186.584855,80.374303
178.785640,188.741869,73.613626
108.664263,154.973833,20.982068
170.914492,133.547318,62.514909
123.478991,137.522984,45.547887
89.452355,171.201557,54.503967
155.342785,159.599862,48.405364
149.560353,160.749014,42.597096
147.954539,124.117106,30.062993
79.698832,181.681534,50.069507
160.371295,138.965149,67.065019
110.155171,180.705218,22.249286
70.944234,135.010316,48.355048
138.109945,140.607514,21.655652
117.776634,161.240999,13.297492
179.473006,129.160741,67.396882
131.160126,170.866266,36.653673
170.143799,176.587816,88.439205
142.119281,154.203219,31.148430
89.982089,185.239565,19.381197
167.277793,186.991771,78.395324
79.319709,171.846529,50.445601
166.815069,167.352546,55.845354
142.724018,149.934478,21.767993
71.219542,168.116746,48.380952
95.647200,182.027894,12.913481
164.588843,126.114177,73.810031
88.663356,132.005209,20.727286
99.456034,196.815905,41.620258
114.969138,150.095678,18.167067
97.546167,175.357045,14.360273
145.388498,169.528498,31.185010
173.829653,193.848974,76.346654
84.198766,193.164664,22.887315
182.700410,133.606066,55.308592
105.127073,165.903954,7.299116
135.715221,147.638048,49.595854
145.771867,184.594815,31.310925
150.273486,136.904996,39.377730
71.078516,149.053433,72.655843
163.707660,138.534815,50.441697
87.222993,197.991007,50.084758
147.650768,121.613622,55.419963
130.960305,156.051985,9.305522
153.238722,189.079561,57.282383
81.555733,145.341215,16.685412
100.783670,148.054028,26.257925
168.525778,186.998706,76.841579
153.153697,173.504492,66.865791
115.399915,152.035132,6.153543
172.845154,174.879658,60.260021
116.709528,135.318616,58.182922
102.756154,190.039094,25.630224
122.815948,155.883901,22.917514
125.579887,122.618993,46.367131
89.886075,170.940090,29.537462
111.945735,183.867284,27.944905
82.240264,148.978884,40.542094
167.289947,157.842049,75.722224
164.860893,182.563566,75.986620
125.644450,183.263733,29.927430
153.604591,147.993145,35.547032
150.928386,170.250687,68.805383
123.915354,155.666833,22.224548
83.561702,153.810539,28.008553
101.218557,133.905359,35.328719
145.047188,194.312276,60.521074
163.139236,137.694464,56.619680
72.205601,188.832101,19.676298
155.553951,165.961802,49.416938
80.696127,151.344091,29.476088
84.531132,170.544290,26.237439
156.822745,177.671343,46.916474
91.810828,184.933175,26.258225
176.031058,170.519417,76.583791
155.568034,170.756446,49.225381
169.285174,129.698170,49.468247
141.492445,173.142114,13.037925
77.713027,123.256657,54.233471
80.356245,179.729404,42.609365
156.583934,147.411541,59.650145
97.881415,123.065625,62.240564
96.848442,165.610820,22.089902
128.143560,186.119984,16.393626
93.750755,152.171841,16.293579
103.036764,128.365002,20.821584
96.488642,165.068559,16.660701
157.263579,131.228207,65.772994
100.138947,194.804443,47.989456
134.475699,148.573974,30.448721
70.691939,134.915719,59.435937
103.211665,192.311101,43.897917
77.720874,136.287860,39.413026
184.055062,153.372534,83.117227
111.222573,146.991348,16.009795
122.285325,150.125884,45.042914
81.597216,146.079433,42.445599
75.223413,185.143236,41.057320
141.989018,143.155887,42.001350
89.817350,190.833874,35.813136
104.079257,159.533418,17.279011
160.598052,163.625654,52.402418
86.700593,150.241152,32.430000
181.591429,120.353521,76.669304
115.900981,174.545724,19.317073
131.672035,137.419759,25.184762
94.834481,167.369975,16.700181
155.494153,169.052404,21.302880
168.658039,182.168154,72.736599
72.966695,178.445967,52.563207
173.875522,153.103591,76.610005
161.743766,121.656743,40.289385
95.575536,146.343351,28.137954
137.066179,129.855861,54.532944
132.515063,173.727275,43.332300
168.372918,182.228163,82.334262
97.338322,168.619655,29.745869
147.902951,167.099008,39.391181
176.184477,187.974393,66.177646
133.972012,151.447810,24.040711
171.870676,153.130618,80.505354
98.559209,178.386610,25.161354
128.169984,136.719520,45.719753
134.947304,166.884306,4.609640
110.351640,127.852032,36.067964
94.225284,196.885037,55.323730
184.339826,139.362321,83.229276
130.292646,186.466405,25.069048
96.836532,177.174697,28.013054
131.239576,136.377542,36.008919
147.772602,150.085217,35.598852
174.937154,142.404793,62.809042
76.255371,147.729907,52.254310
100.831199,167.654175,36.933780
70.212818,126.744718,73.275297
166.364468,178.615981,74.758336
87.867923,146.046114,44.694215
124.938036,172.861066,23.195095
166.457838,171.198014,68.582217
109.797621,180.787932,33.265383
121.611515,179.787851,32.481950
154.476514,124.469447,70.249733
80.656220,130.504154,36.979186
122.058625,180.659390,41.666281
109.563167,152.926848,6.709565
90.075981,137.096789,18.534137
180.247113,178.093296,71.029267
117.445457,166.770685,0.759721
151.528640,174.492224,60.331988
106.307199,138.556299,21.331851
171.774908,151.905602,70.721699
152.204758,129.838061,53.723008
92.782990,122.165562,43.235740
89.805959,124.636415,49.321076
181.955393,129.416525,54.327835
173.777838,140.681246,59.745848
71.689997,178.132482,42.529479
176.819798,157.295152,55.481857
152.353881,137.822877,51.503074
71.377634,181.889460,28.388352
170.564171,183.656711,61.810844
99.217051,144.700048,18.975487
128.961609,195.423263,40.346750
92.680771,158.291679,29.539841
160.786823,167.318008,47.122994
111.774834,161.418745,8.798383
175.326639,155.751809,57.434381
147.999295,168.497286,18.451099
105.179691,186.702515,24.759306
76.492484,169.335367,39.075568
76.906052,154.100155,28.380319
115.312623,122.037877,55.712726
109.827585,191.418415,43.887603
77.656463,130.420099,42.075044
78.704642,190.282480,51.310790
98.336515,175.860177,21.468629
152.017994,124.693569,55.559896
129.442460,182.664255,31.921537
70.973418,154.744593,51.224441
141.984180,164.433798,42.964372
87.995094,152.744133,15.434224
151.171103,143.652381,40.015388
130.370788,138.875490,42.888611
160.676992,151.728792,44.055043
126.628228,192.844321,42.241881
72.143088,190.919035,34.163521
86.115714,125.918275,51.053611
109.037745,158.743423,17.795519
148.562914,130.193410,34.545508
158.836923,164.318344,35.873479
85.012776,175.349093,35.114258
112.128637,182.236950,44.942792
101.954063,169.725322,9.243956
128.347907,132.683104,25.395122
169.175709,138.319945,37.407750
116.869864,163.577669,13.732635
149.305855,139.438044,50.352226
151.603616,123.572072,55.913677
128.650624,195.879532,45.905166
177.219315,148.431158,64.891826
117.408099,168.071096,20.264877
159.012094,188.633461,47.830069
71.640498,154.096519,49.935137
182.558684,126.236044,83.123275
160.433719,139.441651,64.367631
77.533742,193.050395,29.435248
86.609685,123.619151,65.243450
74.331299,122.088039,58.066563
82.151968,198.888205,44.710765
77.393135,152.793347,40.920014
137.931423,163.150924,28.685487
160.136857,169.675253,52.405955
124.122405,147.380490,15.423503
97.704157,193.764400,30.212338
87.868582,123.820222,41.126806
86.789332,168.050790,19.679386
101.405709,124.584460,28.004899
172.449164,151.551161,68.166057
80.823173,184.931255,59.670320
99.668666,123.414607,45.739923
86.137151,186.055057,24.283788
93.568164,175.278408,17.191372
128.715101,197.228133,38.277685
164.217235,178.961318,61.298945
114.998015,192.126544,47.624612
85.335336,175.449902,26.430322
120.081800,156.790865,29.145828
167.305264,163.255944,59.764913
180.148034,188.566154,96.987726
106.914826,134.513537,37.303050
150.610202,144.965323,58.965630
103.851155,165.458169,26.736639
70.586232,176.603702,50.256753
80.418203,165.524015,54.551594
147.339172,169.110742,43.752300
182.137423,136.444864,88.647969
119.689222,127.905608,29.892590
130.792683,138.974774,41.028188
76.084338,176.348199,59.697876
87.695075,126.992897,22.604411
77.985032,141.479680,31.730963
111.647713,143.511806,14.505004
173.745685,139.237362,62.115215
132.434241,120.037448,60.869197
102.898298,158.498316,9.221335
90.458920,138.442348,39.056013
109.044608,192.235969,14.249574
161.219284,162.342145,61.467606
104.614472,164.633813,18.431230
124.367678,159.677382,31.347874
109.880018,178.259558,23.769486
143.276350,136.359686,52.306637
169.686278,164.321597,75.827495
116.446590,162.630460,11.034189
183.952328,139.908000,82.844458
140.082630,137.276413,37.509454
163.350368,140.381794,64.327202
110.768853,124.309468,32.684426
96.689149,132.473654,37.800235
127.369731,132.985777,32.653872
161.149260,126.386977,54.293174
166.660254,166.516706,66.742772
154.619885,169.252130,49.773788
96.204514,125.219243,38.604183
142.404711,139.287315,36.331708
145.896217,148.433842,51.030423
130.784953,187.513064,30.834146
129.925508,188.292230,41.858044
126.712551,130.261723,31.103492
176.235736,174.589026,106.544290
105.845291,178.859003,22.636906
174.141983,145.779453,65.888984
100.629241,195.760836,41.813600
82.708342,142.687056,30.400687
135.756310,177.617582,33.958074
93.146465,168.165011,25.727320
90.927472,143.239499,34.181569
121.177770,195.217993,47.663409
131.147107,126.563802,59.384290
77.025070,166.971681,10.453473
114.419399,163.427086,10.542663
90.120898,196.246510,32.083925
80.645699,195.613841,50.641540
173.759026,146.000760,49.574196
184.314513,149.446341,84.617352
118.415698,149.531073,25.739025
169.907070,158.560928,58.590981
163.044038,185.709114,74.706542
105.502213,184.433464,30.885161
126.871882,138.668330,28.096981
158.570693,131.448167,56.599347
145.783730,188.941394,61.845690
133.496128,181.894073,26.273881
138.259204,148.091593,36.604363
162.943421,141.094459,63.208732
102.045439,133.076596,22.496186
129.355582,149.242427,21.116911
173.626319,131.316358,80.344730
72.813258,140.265545,41.957259
143.681774,192.180557,37.599137
140.975266,150.703794,28.221245
173.235017,121.473509,83.556943
175.773981,142.901869,70.416284
88.493077,181.453858,17.121051
150.715881,124.274566,39.515559
74.628276,175.243574,31.130713
163.646011,134.060468,53.651505
124.595464,181.075441,22.254209
168.705047,197.165068,92.915125
151.308976,149.761151,38.238760
72.782408,167.533115,38.059969
145.970092,194.203999,52.996712
144.250819,140.731024,32.079955
101.466535,134.125141,48.270845
123.899977,196.236337,46.746272
115.026593,191.746873,32.988041
123.181362,189.744802,26.512064
146.661297,165.435017,51.186144
142.241738,171.866903,36.141281
150.408705,193.680929,45.465912
181.737376,177.269859,57.263851
148.939811,181.399310,34.274097
119.355426,189.218125,31.994655
98.979762,192.001213,47.547126
144.212369,138.120052,46.431071
126.841791,155.710589,7.416550
119.674153,161.796684,10.416622
97.947514,141.285995,23.540918
81.561500,143.000772,32.844602
140.128176,171.551574,43.904608
97.546836,187.846820,40.354443
76.461781,134.704482,43.787425
155.685377,182.104308,55.071090
75.449205,120.275997,53.890130
99.273925,147.207482,22.024265
161.254260,188.043307,61.789489
148.257571,151.504606,12.113312
157.627961,132.890382,30.344429
141.024536,190.030735,44.542966
116.549010,135.294860,23.665830
140.340672,196.626329,37.021298
108.330018,157.103520,8.312935
134.055584,188.001180,57.116040
105.217221,178.063814,27.375915
144.346719,175.038219,28.292275
170.494890,126.748395,102.072922
158.733164,136.027363,59.364519
78.322805,151.080280,21.472817
170.969976,160.661868,57.148480
117.219766,194.669212,31.672270
78.689349,183.737616,36.984997
147.674528,166.988667,45.648716
77.914416,194.884607,42.489480
74.689276,196.680845,58.254893
144.511383,191.043729,39.910441
129.716176,145.145940,26.929179
93.654645,135.159313,11.709221
129.555207,194.776708,14.771276
102.854235,120.741342,37.285588
93.730770,124.590492,43.987032
148.257306,149.057488,49.268041
87.734040,190.823799,40.078702
109.085082,149.419406,5.239492
180.932865,168.797837,75.961914
139.207360,128.086144,58.709090
130.775155,182.649286,19.466807
157.077861,157.663555,41.965362
142.070584,173.947222,18.133990
86.941494,154.710209,21.935129
152.717642,167.314035,32.027131
170.746039,198.921861,65.410322
171.602080,160.647602,55.796940
152.776358,164.402280,41.541674
138.409418,153.624312,33.272513
113.525269,125.477316,43.235093
103.178978,186.993151,27.221915
145.834245,188.698339,52.747337
153.369437,166.781084,41.134287
139.759335,196.703189,46.312261
141.704890,147.771311,23.499043
138.636753,195.527358,45.722343
69.557474,187.909812,34.259339
112.896337,129.929752,50.037381
156.871590,159.717740,51.075823
123.215079,157.668966,12.778712
83.940899,150.337353,57.540170
71.363490,132.266458,48.833541
86.797797,189.036348,43.156757
170.090394,122.533513,89.719893
133.249454,124.986158,56.143962
173.298842,136.518744,69.964711
130.696174,189.554818,51.783838
172.801858,147.533650,65.922994
83.332474,141.116973,28.074685
114.558612,124.416921,51.251543
75.992116,135.582623,47.816272
171.908017,145.927912,62.787109
131.228795,176.184462,29.191106
73.668935,181.781507,31.549735
183.037033,196.372232,80.051355
178.084400,121.828429,98.782650
136.289161,120.939678,56.880035
108.823245,147.718248,8.913974
90.669343,172.552817,37.102099
97.726772,180.289565,30.600709
148.222341,160.086302,39.426157
149.028840,164.199050,35.639055
100.694529,149.822848,21.586718
158.813726,131.778376,57.288199
143.098382,189.740346,42.302376
73.617800,191.491654,60.665003
136.901010,144.117792,35.539762
112.679059,135.577435,30.020563
116.319060,196.082042,36.833261
134.359435,192.630170,48.171567
69.637505,183.574674,21.746622
71.135662,154.242256,43.224573
136.613126,128.828318,39.677997
109.318473,127.563466,27.255631
117.286645,186.587705,48.992117
76.088016,136.438116,40.884595
181.510198,144.923874,56.270889
160.097438,146.280802,67.188436
130.842249,144.896440,27.139624
156.999631,178.525582,54.897890
116.628630,167.603901,6.576202
118.070274,191.701032,54.996610
94.581477,169.892322,34.531531
119.752828,148.818476,22.187586
85.326749,172.477190,21.012832
146.310583,153.384664,36.533595
152.247604,190.782016,48.399237
115.651349,159.409081,23.017092
144.883344,145.903768,50.421787
113.058725,169.783966,14.427169
107.538833,182.465376,14.816515
86.360679,130.462349,25.695578
88.931395,199.190173,47.130992
143.937200,131.020274,48.325755
184.924561,192.139518,97.613420
179.590213,172.627312,53.062644
121.357652,156.767042,28.120787
173.954639,129.836775,67.569179
116.073768,124.978944,19.921431
69.871897,182.532352,28.648817
177.779552,193.782563,71.070129
162.232826,197.726196,57.885338
84.232693,171.995936,25.430687
99.870961,179.903261,20.782677
119.354926,131.438001,34.242609
176.157948,144.872803,74.022381
101.831466,162.469822,22.793718
141.644834,124.269302,67.814330
83.474621,131.089134,61.342114
157.155372,154.967211,41.195515
160.320187,160.795290,55.093417
78.721829,180.539773,35.924913
85.470771,120.524215,51.320860
99.164254,169.920746,1.849906
167.170281,176.181899,62.588753
87.966507,193.069601,21.951353
158.100858,197.943728,79.848970
77.622499,135.140436,57.397708
183.160119,134.434850,71.133355
72.530126,131.321246,49.694956
109.075992,152.150156,24.187549
168.235973,176.602606,78.592240
169.792155,162.796843,81.288836
157.861675,190.213806,63.531591
91.384528,122.379986,44.082567
141.298056,127.277100,34.566584
80.853344,158.541017,33.648783
155.387862,160.285526,32.257936
127.646457,148.516745,20.711600
115.549254,162.263967,13.833346
131.262418,192.043406,24.369810
123.508027,181.120746,16.793589
164.398584,147.916538,66.463907
177.141817,172.816910,66.823761
100.932528,192.959178,29.872540
118.806007,143.692771,26.371732
168.634824,120.482098,62.567292
78.568134,179.533216,12.710549
72.222071,126.189769,65.306527
84.749512,142.886505,42.821693
145.232421,126.351435,44.366171
95.122954,130.496158,27.311616
177.241762,155.212772,81.742003
96.262503,169.636243,19.850073
120.728452,197.266762,36.865815
103.640737,156.090687,18.892667
122.416662,193.799832,38.594002
90.681495,194.362093,39.957297
168.213428,120.873095,65.304038
164.847665,181.048558,61.499067
126.973301,145.713621,12.501910
96.759248,199.108882,42.357615
95.114811,141.461014,14.092408
78.031881,148.137803,23.544115
105.720277,160.833837,4.463872
165.034961,158.672008,54.934358
185.460447,129.271634,90.876255
102.818157,199.129705,38.646548
177.165434,177.839451,74.064826
156.752678,157.242235,51.075589
77.569191,191.059962,49.510888
100.963724,167.897599,10.010615
159.736000,147.769763,67.785570
81.991869,140.124310,58.770559
102.533320,124.845912,24.322500
105.538764,162.179409,14.334230
103.518743,156.162267,3.048435
165.288033,172.822052,45.512367
87.741093,163.007279,23.668043
103.378963,141.563518,12.299223
107.661667,182.157563,40.845251
85.145762,149.645895,44.934746
176.455577,182.778541,88.288684
123.537548,130.818212,13.313418
134.585673,146.881027,14.828058
130.160906,152.125955,32.725273
160.925616,138.081051,60.383025
165.665334,155.117619,63.058764
182.223077,172.485391,83.519097
76.888593,165.371159,16.619300
111.701762,121.067783,18.647514
111.513055,123.133344,49.320635
118.510925,166.195461,32.062298
155.674470,150.097238,45.649192
172.573010,161.163264,61.040364
88.365178,136.504435,42.938759
155.136217,189.209921,48.801431
160.076774,172.804200,56.380334
171.205367,155.988000,65.325033
123.116177,139.083034,30.938632
110.307007,190.601160,32.978422
164.709614,162.479112,45.603208
142.906155,136.461748,43.805206
140.617297,189.391977,57.671617
77.898108,119.987580,61.838705
153.770661,141.325003,51.731275
182.558357,162.478177,65.640731
93.897226,190.288438,30.796521
69.926945,186.752624,47.749835
151.572228,128.499229,64.276755
173.498679,190.091380,74.153282
176.470365,194.826058,88.023597
162.027712,142.461013,57.296800
179.351911,178.005768,64.178609
94.239771,152.164314,1.842318
71.197914,163.476448,63.928975
99.693765,180.464937,32.777654
157.644507,198.491961,73.864878
120.574228,128.679905,36.015980
143.258136,190.459744,39.681943
184.994490,141.948666,76.142327
107.727283,161.865319,16.021105
112.151665,167.815745,20.174639
131.704250,175.702960,20.218533
167.783053,142.477929,74.257649
146.752098,159.384734,52.008453
113.467747,178.516781,10.674234
100.722062,124.570888,26.330701
178.604233,156.779921,50.715318
128.921090,152.478304,33.247998
140.317461,182.655249,47.153233
100.335702,153.178453,28.340355
114.753324,128.372313,19.908571
82.819945,131.456315,37.099681
177.716117,144.191020,76.452235
92.874930,122.404958,40.746317
184.912769,163.268813,94.378583
84.207346,128.120350,34.243653
173.146048,128.114719,55.339153
161.811629,158.600504,38.818191
153.000676,151.561563,32.271205
104.701390,172.993733,9.099755
140.822619,149.631632,19.173022
175.092376,156.416537,68.174928
127.554837,159.227152,26.354322
69.939007,164.632247,55.358599
80.581571,154.369184,15.950373
86.193750,123.861915,36.542707
